Website,Title,Price,Link,Image
Amazon,HighSpark,1669,https://www.amazon.in/sspa/click?ie=UTF8&spc=MTozNjE3ODYxNDQ4NTUzMzU1OjE3NjMxMzYxNDM6c3BfYXRmOjMwMDE3MjAwNjA2NDEzMjo6MDo6&url=%2FHighSpark-Sparkling-Solitaire-Sterling-Brilliance%2Fdp%2FB0CBKQMSXP%2Fref%3Dsr_1_1_sspa%3Fdib%3DeyJ2IjoiMSJ9.yYyuM4Cf60EVR_Z8q-bexoPK13HvyelUxulx3yEVY1g0lOX52lEFT4TJAdMHzuK38hiMKqG57FFEqjE12zFbBAoly-z9mYoPNzGVyN-G3Xmb_GxYM2q3h5qnhoWBnxL7ACcEPEQKvsfx_-NLbaEYeHW6zzkyl0h0HGWtkYrriYx786VhbTxiIYgdlf3pI88Ouym6AUcChGs7Rjcqn7fDlveExkGGrQ9XsvD0oAseJq2b6J-bEDcKegYI-2T_vOdsjVFFcCrQdzaqIP4_xZc5vu-F-sP0gxqNNBLs22q7v3o.Pzmpdg9ZJrftq5d9DwMUu7j0INhOvW-YNcIBsCc8MhQ%26dib_tag%3Dse%26keywords%3Drings%26qid%3D1763136143%26sr%3D8-1-spons%26aref%3DnAgFZDXVYE%26sp_csd%3Dd2lkZ2V0TmFtZT1zcF9hdGY%26psc%3D1&aref=nAgFZDXVYE&sp_cr=ZAZ,https://m.media-amazon.com/images/I/61GGPruLepL._AC_UL320_.jpg
Amazon,Yellow Chimes,181,https://www.amazon.in/sspa/click?ie=UTF8&spc=MTozNjE3ODYxNDQ4NTUzMzU1OjE3NjMxMzYxNDM6c3BfYXRmOjMwMDczNzc4OTk3NjczMjo6MDo6&url=%2FYellow-Chimes-Vintage-Crystal-Oxidized%2Fdp%2FB07XZB3VN3%2Fref%3Dsr_1_2_sspa%3Fdib%3DeyJ2IjoiMSJ9.yYyuM4Cf60EVR_Z8q-bexoPK13HvyelUxulx3yEVY1g0lOX52lEFT4TJAdMHzuK38hiMKqG57FFEqjE12zFbBAoly-z9mYoPNzGVyN-G3Xmb_GxYM2q3h5qnhoWBnxL7ACcEPEQKvsfx_-NLbaEYeHW6zzkyl0h0HGWtkYrriYx786VhbTxiIYgdlf3pI88Ouym6AUcChGs7Rjcqn7fDlveExkGGrQ9XsvD0oAseJq2b6J-bEDcKegYI-2T_vOdsjVFFcCrQdzaqIP4_xZc5vu-F-sP0gxqNNBLs22q7v3o.Pzmpdg9ZJrftq5d9DwMUu7j0INhOvW-YNcIBsCc8MhQ%26dib_tag%3Dse%26keywords%3Drings%26qid%3D1763136143%26sr%3D8-2-spons%26aref%3D4SFCy7FP15%26sp_csd%3Dd2lkZ2V0TmFtZT1zcF9hdGY%26psc%3D1&aref=4SFCy7FP15&sp_cr=ZAZ,https://m.media-amazon.com/images/I/61r+xznOaZL._AC_UL320_.jpg
Amazon,TOUCH925,1641,https://www.amazon.in/sspa/click?ie=UTF8&spc=MTozNjE3ODYxNDQ4NTUzMzU1OjE3NjMxMzYxNDM6c3BfYXRmOjMwMDgxODYyMDgyOTAzMjo6MDo6&url=%2FTOUCH925-Solitaire-Adjustable-Elegant-Sparkling%2Fdp%2FB0FN88HTRP%2Fref%3Dsr_1_3_sspa%3Fdib%3DeyJ2IjoiMSJ9.yYyuM4Cf60EVR_Z8q-bexoPK13HvyelUxulx3yEVY1g0lOX52lEFT4TJAdMHzuK38hiMKqG57FFEqjE12zFbBAoly-z9mYoPNzGVyN-G3Xmb_GxYM2q3h5qnhoWBnxL7ACcEPEQKvsfx_-NLbaEYeHW6zzkyl0h0HGWtkYrriYx786VhbTxiIYgdlf3pI88Ouym6AUcChGs7Rjcqn7fDlveExkGGrQ9XsvD0oAseJq2b6J-bEDcKegYI-2T_vOdsjVFFcCrQdzaqIP4_xZc5vu-F-sP0gxqNNBLs22q7v3o.Pzmpdg9ZJrftq5d9DwMUu7j0INhOvW-YNcIBsCc8MhQ%26dib_tag%3Dse%26keywords%3Drings%26qid%3D1763136143%26sr%3D8-3-spons%26aref%3D7SClkTgDRF%26sp_csd%3Dd2lkZ2V0TmFtZT1zcF9hdGY%26psc%3D1&aref=7SClkTgDRF&sp_cr=ZAZ,https://m.media-amazon.com/images/I/4140LZCG8DL._AC_UL320_.jpg
Amazon,ZAVYA,1899,https://www.amazon.in/sspa/click?ie=UTF8&spc=MTozNjE3ODYxNDQ4NTUzMzU1OjE3NjMxMzYxNDM6c3BfYXRmOjMwMDc2NjE1NTMzNjgzMjo6MDo6&url=%2FZAVYA-Crowned-Solitaire-Rhodium-Adjustable%2Fdp%2FB0FRWS76H5%2Fref%3Dsr_1_4_sspa%3Fdib%3DeyJ2IjoiMSJ9.yYyuM4Cf60EVR_Z8q-bexoPK13HvyelUxulx3yEVY1g0lOX52lEFT4TJAdMHzuK38hiMKqG57FFEqjE12zFbBAoly-z9mYoPNzGVyN-G3Xmb_GxYM2q3h5qnhoWBnxL7ACcEPEQKvsfx_-NLbaEYeHW6zzkyl0h0HGWtkYrriYx786VhbTxiIYgdlf3pI88Ouym6AUcChGs7Rjcqn7fDlveExkGGrQ9XsvD0oAseJq2b6J-bEDcKegYI-2T_vOdsjVFFcCrQdzaqIP4_xZc5vu-F-sP0gxqNNBLs22q7v3o.Pzmpdg9ZJrftq5d9DwMUu7j0INhOvW-YNcIBsCc8MhQ%26dib_tag%3Dse%26keywords%3Drings%26qid%3D1763136143%26sr%3D8-4-spons%26aref%3D6s3w03Y3Cq%26sp_csd%3Dd2lkZ2V0TmFtZT1zcF9hdGY%26psc%3D1&aref=6s3w03Y3Cq&sp_cr=ZAZ,https://m.media-amazon.com/images/I/61dAE-qVmLL._AC_UL320_.jpg
Amazon,Gore Verbinski,99,https://www.amazon.in/gp/video/ssoredirect/?ru=https%3A%2F%2Fapp.primevideo.com%2Fdetail%3Fgti%3Damzn1.dv.gti.68a9f66b-e5a0-e768-3260-d83520ced135%26ref_%3Ddvm_src_ret_in_xx_s&page-type-id=B0CP9CDH4Y&ref=sr_1_5&keywords=rings&dib_tag=se&dib=eyJ2IjoiMSJ9.yYyuM4Cf60EVR_Z8q-bexoPK13HvyelUxulx3yEVY1g0lOX52lEFT4TJAdMHzuK38hiMKqG57FFEqjE12zFbBAoly-z9mYoPNzGVyN-G3Xmb_GxYM2q3h5qnhoWBnxL7ACcEPEQKvsfx_-NLbaEYeHW6zzkyl0h0HGWtkYrriYx786VhbTxiIYgdlf3pI88Ouym6AUcChGs7Rjcqn7fDlveExkGGrQ9XsvD0oAseJq2b6J-bEDcKegYI-2T_vOdsjVFFcCrQdzaqIP4_xZc5vu-F-sP0gxqNNBLs22q7v3o.Pzmpdg9ZJrftq5d9DwMUu7j0INhOvW-YNcIBsCc8MhQ&qid=1763136143&sr=8-5,https://m.media-amazon.com/images/I/81qTn+Mu-eL._AC_UL320_.jpg
Amazon,Clara,1599,https://www.amazon.in/Clara-Sterling-Minimal-Adjustable-Girlfriend/dp/B0C6V42NJ1/ref=sr_1_6?dib=eyJ2IjoiMSJ9.yYyuM4Cf60EVR_Z8q-bexoPK13HvyelUxulx3yEVY1g0lOX52lEFT4TJAdMHzuK38hiMKqG57FFEqjE12zFbBAoly-z9mYoPNzGVyN-G3Xmb_GxYM2q3h5qnhoWBnxL7ACcEPEQKvsfx_-NLbaEYeHW6zzkyl0h0HGWtkYrriYx786VhbTxiIYgdlf3pI88Ouym6AUcChGs7Rjcqn7fDlveExkGGrQ9XsvD0oAseJq2b6J-bEDcKegYI-2T_vOdsjVFFcCrQdzaqIP4_xZc5vu-F-sP0gxqNNBLs22q7v3o.Pzmpdg9ZJrftq5d9DwMUu7j0INhOvW-YNcIBsCc8MhQ&dib_tag=se&keywords=rings&qid=1763136143&sr=8-6,https://m.media-amazon.com/images/I/51vmrveFOdL._AC_UL320_.jpg
Amazon,F. Javier Gutierrez,99,https://www.amazon.in/gp/video/ssoredirect/?ru=https%3A%2F%2Fapp.primevideo.com%2Fdetail%3Fgti%3Damzn1.dv.gti.72ace7b2-f909-1ee7-ca0e-ba628b37e558%26ref_%3Ddvm_src_ret_in_xx_s&page-type-id=B0FQGZ2TDM&ref=sr_1_7&keywords=rings&dib_tag=se&dib=eyJ2IjoiMSJ9.yYyuM4Cf60EVR_Z8q-bexoPK13HvyelUxulx3yEVY1g0lOX52lEFT4TJAdMHzuK38hiMKqG57FFEqjE12zFbBAoly-z9mYoPNzGVyN-G3Xmb_GxYM2q3h5qnhoWBnxL7ACcEPEQKvsfx_-NLbaEYeHW6zzkyl0h0HGWtkYrriYx786VhbTxiIYgdlf3pI88Ouym6AUcChGs7Rjcqn7fDlveExkGGrQ9XsvD0oAseJq2b6J-bEDcKegYI-2T_vOdsjVFFcCrQdzaqIP4_xZc5vu-F-sP0gxqNNBLs22q7v3o.Pzmpdg9ZJrftq5d9DwMUu7j0INhOvW-YNcIBsCc8MhQ&qid=1763136143&sr=8-7,https://m.media-amazon.com/images/I/71XikNVpOsL._AC_UL320_.jpg
Amazon,GIVA,899,https://www.amazon.in/GIVA-Superstar-Adjustable-Certificate-Authenticity/dp/B0B7XDFFGD/ref=sr_1_8?dib=eyJ2IjoiMSJ9.yYyuM4Cf60EVR_Z8q-bexoPK13HvyelUxulx3yEVY1g0lOX52lEFT4TJAdMHzuK38hiMKqG57FFEqjE12zFbBAoly-z9mYoPNzGVyN-G3Xmb_GxYM2q3h5qnhoWBnxL7ACcEPEQKvsfx_-NLbaEYeHW6zzkyl0h0HGWtkYrriYx786VhbTxiIYgdlf3pI88Ouym6AUcChGs7Rjcqn7fDlveExkGGrQ9XsvD0oAseJq2b6J-bEDcKegYI-2T_vOdsjVFFcCrQdzaqIP4_xZc5vu-F-sP0gxqNNBLs22q7v3o.Pzmpdg9ZJrftq5d9DwMUu7j0INhOvW-YNcIBsCc8MhQ&dib_tag=se&keywords=rings&qid=1763136143&sr=8-8,https://m.media-amazon.com/images/I/41aROSckBTL._AC_UL320_.jpg
Amazon,Shining Diva Fashion,219,https://www.amazon.in/Shining-Diva-Fashion-Stylish-Rings/dp/B0BX62B58N/ref=sr_1_9?dib=eyJ2IjoiMSJ9.yYyuM4Cf60EVR_Z8q-bexoPK13HvyelUxulx3yEVY1g0lOX52lEFT4TJAdMHzuK38hiMKqG57FFEqjE12zFbBAoly-z9mYoPNzGVyN-G3Xmb_GxYM2q3h5qnhoWBnxL7ACcEPEQKvsfx_-NLbaEYeHW6zzkyl0h0HGWtkYrriYx786VhbTxiIYgdlf3pI88Ouym6AUcChGs7Rjcqn7fDlveExkGGrQ9XsvD0oAseJq2b6J-bEDcKegYI-2T_vOdsjVFFcCrQdzaqIP4_xZc5vu-F-sP0gxqNNBLs22q7v3o.Pzmpdg9ZJrftq5d9DwMUu7j0INhOvW-YNcIBsCc8MhQ&dib_tag=se&keywords=rings&qid=1763136143&sr=8-9,https://m.media-amazon.com/images/I/61dK8fy1dRL._AC_UL320_.jpg
Amazon,Clara,1699,https://www.amazon.in/Clara-Sterling-Silver-Adjustable-Platinum/dp/B0DNFLQ52R/ref=sr_1_10?dib=eyJ2IjoiMSJ9.yYyuM4Cf60EVR_Z8q-bexoPK13HvyelUxulx3yEVY1g0lOX52lEFT4TJAdMHzuK38hiMKqG57FFEqjE12zFbBAoly-z9mYoPNzGVyN-G3Xmb_GxYM2q3h5qnhoWBnxL7ACcEPEQKvsfx_-NLbaEYeHW6zzkyl0h0HGWtkYrriYx786VhbTxiIYgdlf3pI88Ouym6AUcChGs7Rjcqn7fDlveExkGGrQ9XsvD0oAseJq2b6J-bEDcKegYI-2T_vOdsjVFFcCrQdzaqIP4_xZc5vu-F-sP0gxqNNBLs22q7v3o.Pzmpdg9ZJrftq5d9DwMUu7j0INhOvW-YNcIBsCc8MhQ&dib_tag=se&keywords=rings&qid=1763136143&sr=8-10,https://m.media-amazon.com/images/I/41gltH-lMBL._AC_UL320_.jpg
Amazon,Shining Diva Fashion,299,https://www.amazon.in/Shining-Diva-Fashion-Silver-cmb300/dp/B0BWMT8VRG/ref=sr_1_11?dib=eyJ2IjoiMSJ9.yYyuM4Cf60EVR_Z8q-bexoPK13HvyelUxulx3yEVY1g0lOX52lEFT4TJAdMHzuK38hiMKqG57FFEqjE12zFbBAoly-z9mYoPNzGVyN-G3Xmb_GxYM2q3h5qnhoWBnxL7ACcEPEQKvsfx_-NLbaEYeHW6zzkyl0h0HGWtkYrriYx786VhbTxiIYgdlf3pI88Ouym6AUcChGs7Rjcqn7fDlveExkGGrQ9XsvD0oAseJq2b6J-bEDcKegYI-2T_vOdsjVFFcCrQdzaqIP4_xZc5vu-F-sP0gxqNNBLs22q7v3o.Pzmpdg9ZJrftq5d9DwMUu7j0INhOvW-YNcIBsCc8MhQ&dib_tag=se&keywords=rings&qid=1763136143&sr=8-11,https://m.media-amazon.com/images/I/61kqxaf-obL._AC_UL320_.jpg
Amazon,YouBella,225,https://www.amazon.in/YouBella-Jewellery-Celebrity-Inspired-Stackable/dp/B0D873HJTT/ref=sr_1_12?dib=eyJ2IjoiMSJ9.yYyuM4Cf60EVR_Z8q-bexoPK13HvyelUxulx3yEVY1g0lOX52lEFT4TJAdMHzuK38hiMKqG57FFEqjE12zFbBAoly-z9mYoPNzGVyN-G3Xmb_GxYM2q3h5qnhoWBnxL7ACcEPEQKvsfx_-NLbaEYeHW6zzkyl0h0HGWtkYrriYx786VhbTxiIYgdlf3pI88Ouym6AUcChGs7Rjcqn7fDlveExkGGrQ9XsvD0oAseJq2b6J-bEDcKegYI-2T_vOdsjVFFcCrQdzaqIP4_xZc5vu-F-sP0gxqNNBLs22q7v3o.Pzmpdg9ZJrftq5d9DwMUu7j0INhOvW-YNcIBsCc8MhQ&dib_tag=se&keywords=rings&qid=1763136143&sr=8-12,https://m.media-amazon.com/images/I/610kKHwQM8L._AC_UL320_.jpg
Amazon,Peter Jackson,119,https://www.amazon.in/gp/video/ssoredirect/?ru=https%3A%2F%2Fapp.primevideo.com%2Fdetail%3Fgti%3Damzn1.dv.gti.84a9f6d5-bc3f-73a3-e41f-a82b4ff83e67%26ref_%3Ddvm_src_ret_in_xx_s&page-type-id=B09QRPLQ4P&ref=sr_1_13&keywords=rings&dib_tag=se&dib=eyJ2IjoiMSJ9.yYyuM4Cf60EVR_Z8q-bexoPK13HvyelUxulx3yEVY1g0lOX52lEFT4TJAdMHzuK38hiMKqG57FFEqjE12zFbBAoly-z9mYoPNzGVyN-G3Xmb_GxYM2q3h5qnhoWBnxL7ACcEPEQKvsfx_-NLbaEYeHW6zzkyl0h0HGWtkYrriYx786VhbTxiIYgdlf3pI88Ouym6AUcChGs7Rjcqn7fDlveExkGGrQ9XsvD0oAseJq2b6J-bEDcKegYI-2T_vOdsjVFFcCrQdzaqIP4_xZc5vu-F-sP0gxqNNBLs22q7v3o.Pzmpdg9ZJrftq5d9DwMUu7j0INhOvW-YNcIBsCc8MhQ&qid=1763136143&sr=8-13,https://m.media-amazon.com/images/I/A107128OO2L._AC_UL320_.jpg
Amazon,Hideo Nakata,99,https://www.amazon.in/gp/video/ssoredirect/?ru=https%3A%2F%2Fapp.primevideo.com%2Fdetail%3Fgti%3Damzn1.dv.gti.89d62bda-90e6-43c8-be53-9133befbe7a2%26ref_%3Ddvm_src_ret_in_xx_s&page-type-id=B0CVFDBNCV&ref=sr_1_14&keywords=rings&dib_tag=se&dib=eyJ2IjoiMSJ9.yYyuM4Cf60EVR_Z8q-bexoPK13HvyelUxulx3yEVY1g0lOX52lEFT4TJAdMHzuK38hiMKqG57FFEqjE12zFbBAoly-z9mYoPNzGVyN-G3Xmb_GxYM2q3h5qnhoWBnxL7ACcEPEQKvsfx_-NLbaEYeHW6zzkyl0h0HGWtkYrriYx786VhbTxiIYgdlf3pI88Ouym6AUcChGs7Rjcqn7fDlveExkGGrQ9XsvD0oAseJq2b6J-bEDcKegYI-2T_vOdsjVFFcCrQdzaqIP4_xZc5vu-F-sP0gxqNNBLs22q7v3o.Pzmpdg9ZJrftq5d9DwMUu7j0INhOvW-YNcIBsCc8MhQ&qid=1763136143&sr=8-14,https://m.media-amazon.com/images/I/71zQXJ0TJrL._AC_UL320_.jpg
Amazon,Fashion Frill,263,https://www.amazon.in/Fashion-Frill-American-Designer-Adjustable/dp/B0B7F56XB1/ref=sr_1_15?dib=eyJ2IjoiMSJ9.yYyuM4Cf60EVR_Z8q-bexoPK13HvyelUxulx3yEVY1g0lOX52lEFT4TJAdMHzuK38hiMKqG57FFEqjE12zFbBAoly-z9mYoPNzGVyN-G3Xmb_GxYM2q3h5qnhoWBnxL7ACcEPEQKvsfx_-NLbaEYeHW6zzkyl0h0HGWtkYrriYx786VhbTxiIYgdlf3pI88Ouym6AUcChGs7Rjcqn7fDlveExkGGrQ9XsvD0oAseJq2b6J-bEDcKegYI-2T_vOdsjVFFcCrQdzaqIP4_xZc5vu-F-sP0gxqNNBLs22q7v3o.Pzmpdg9ZJrftq5d9DwMUu7j0INhOvW-YNcIBsCc8MhQ&dib_tag=se&keywords=rings&qid=1763136143&sr=8-15,https://m.media-amazon.com/images/I/81OadPXqWaL._AC_UL320_.jpg
Amazon,Shining Diva Fashion,349,https://www.amazon.in/Shining-Diva-Fashion-Stylish-16673r/dp/B0FCFW7LTV/ref=sr_1_16?dib=eyJ2IjoiMSJ9.yYyuM4Cf60EVR_Z8q-bexoPK13HvyelUxulx3yEVY1g0lOX52lEFT4TJAdMHzuK38hiMKqG57FFEqjE12zFbBAoly-z9mYoPNzGVyN-G3Xmb_GxYM2q3h5qnhoWBnxL7ACcEPEQKvsfx_-NLbaEYeHW6zzkyl0h0HGWtkYrriYx786VhbTxiIYgdlf3pI88Ouym6AUcChGs7Rjcqn7fDlveExkGGrQ9XsvD0oAseJq2b6J-bEDcKegYI-2T_vOdsjVFFcCrQdzaqIP4_xZc5vu-F-sP0gxqNNBLs22q7v3o.Pzmpdg9ZJrftq5d9DwMUu7j0INhOvW-YNcIBsCc8MhQ&dib_tag=se&keywords=rings&qid=1763136143&sr=8-16,https://m.media-amazon.com/images/I/61+onsz6GSL._AC_UL320_.jpg
Amazon,Shining Diva Fashion,297,https://www.amazon.in/Shining-Diva-Fashion-Stylish-15206r/dp/B0DTF6WHRM/ref=sr_1_17?dib=eyJ2IjoiMSJ9.yYyuM4Cf60EVR_Z8q-bexoPK13HvyelUxulx3yEVY1g0lOX52lEFT4TJAdMHzuK38hiMKqG57FFEqjE12zFbBAoly-z9mYoPNzGVyN-G3Xmb_GxYM2q3h5qnhoWBnxL7ACcEPEQKvsfx_-NLbaEYeHW6zzkyl0h0HGWtkYrriYx786VhbTxiIYgdlf3pI88Ouym6AUcChGs7Rjcqn7fDlveExkGGrQ9XsvD0oAseJq2b6J-bEDcKegYI-2T_vOdsjVFFcCrQdzaqIP4_xZc5vu-F-sP0gxqNNBLs22q7v3o.Pzmpdg9ZJrftq5d9DwMUu7j0INhOvW-YNcIBsCc8MhQ&dib_tag=se&keywords=rings&qid=1763136143&sr=8-17,https://m.media-amazon.com/images/I/71VpYIYApCL._AC_UL320_.jpg
Amazon,GIVA,1280,https://www.amazon.in/GIVA-Sterling-Adjustable-Certificate-Authenticity/dp/B0B468VNPL/ref=sr_1_18?dib=eyJ2IjoiMSJ9.yYyuM4Cf60EVR_Z8q-bexoPK13HvyelUxulx3yEVY1g0lOX52lEFT4TJAdMHzuK38hiMKqG57FFEqjE12zFbBAoly-z9mYoPNzGVyN-G3Xmb_GxYM2q3h5qnhoWBnxL7ACcEPEQKvsfx_-NLbaEYeHW6zzkyl0h0HGWtkYrriYx786VhbTxiIYgdlf3pI88Ouym6AUcChGs7Rjcqn7fDlveExkGGrQ9XsvD0oAseJq2b6J-bEDcKegYI-2T_vOdsjVFFcCrQdzaqIP4_xZc5vu-F-sP0gxqNNBLs22q7v3o.Pzmpdg9ZJrftq5d9DwMUu7j0INhOvW-YNcIBsCc8MhQ&dib_tag=se&keywords=rings&qid=1763136143&sr=8-18,https://m.media-amazon.com/images/I/31Ec9CgWjmL._AC_UL320_.jpg
Amazon,Shining Diva Fashion,259,https://www.amazon.in/Shining-Diva-Fashion-Stylish-16520r/dp/B0F2MRTHQZ/ref=sr_1_19?dib=eyJ2IjoiMSJ9.yYyuM4Cf60EVR_Z8q-bexoPK13HvyelUxulx3yEVY1g0lOX52lEFT4TJAdMHzuK38hiMKqG57FFEqjE12zFbBAoly-z9mYoPNzGVyN-G3Xmb_GxYM2q3h5qnhoWBnxL7ACcEPEQKvsfx_-NLbaEYeHW6zzkyl0h0HGWtkYrriYx786VhbTxiIYgdlf3pI88Ouym6AUcChGs7Rjcqn7fDlveExkGGrQ9XsvD0oAseJq2b6J-bEDcKegYI-2T_vOdsjVFFcCrQdzaqIP4_xZc5vu-F-sP0gxqNNBLs22q7v3o.Pzmpdg9ZJrftq5d9DwMUu7j0INhOvW-YNcIBsCc8MhQ&dib_tag=se&keywords=rings&qid=1763136143&sr=8-19,https://m.media-amazon.com/images/I/515WXPlIezL._AC_UL320_.jpg
Amazon,YouBella,207,https://www.amazon.in/YouBella-Oxidised-Silver-Plated-YBRG_20111A/dp/B08VNDJQ6M/ref=sr_1_20?dib=eyJ2IjoiMSJ9.yYyuM4Cf60EVR_Z8q-bexoPK13HvyelUxulx3yEVY1g0lOX52lEFT4TJAdMHzuK38hiMKqG57FFEqjE12zFbBAoly-z9mYoPNzGVyN-G3Xmb_GxYM2q3h5qnhoWBnxL7ACcEPEQKvsfx_-NLbaEYeHW6zzkyl0h0HGWtkYrriYx786VhbTxiIYgdlf3pI88Ouym6AUcChGs7Rjcqn7fDlveExkGGrQ9XsvD0oAseJq2b6J-bEDcKegYI-2T_vOdsjVFFcCrQdzaqIP4_xZc5vu-F-sP0gxqNNBLs22q7v3o.Pzmpdg9ZJrftq5d9DwMUu7j0INhOvW-YNcIBsCc8MhQ&dib_tag=se&keywords=rings&qid=1763136143&sr=8-20,https://m.media-amazon.com/images/I/613pQOTkyEL._AC_UL320_.jpg
Myntra,Rubans 18K Gold-Plated Finger Ring,550,https://www.myntra.com/ring/rubans/rubans-18k-gold-plated-emerald-green--ruby-stone-with-cz-detailing-adjustable-finger-ring/37475427/buy,"https://assets.myntassets.com/dpr_2,q_60,w_210,c_limit,fl_progressive/assets/images/2025/OCTOBER/22/f31ecVaQ_57d396daacb7433fac406de8ba5a1083.jpg"
Myntra,Rubans 22K Gold-Plated Finger Ring,590,https://www.myntra.com/ring/rubans/rubans-22k-gold-plated-brass-peacock-motif-crystal-zirconia--green-stone-adjustable-ring/37385758/buy,"https://assets.myntassets.com/dpr_2,q_60,w_210,c_limit,fl_progressive/assets/images/2025/OCTOBER/22/v2n7BK0e_0b8baddc3d2948ddb209869e027ce4ae.jpg"
Myntra,Roadster Men Adjustable Finger Ring,358,https://www.myntra.com/ring/roadster/the-roadster-lifestyle-co-men-american-diamond-studded-adjustable-finger-ring/33632932/buy,"https://assets.myntassets.com/dpr_2,q_60,w_210,c_limit,fl_progressive/assets/images/2025/APRIL/16/MdSls1qa_303097025bb94991a8d67c3feb9a9a15.jpg"
Myntra,StyleCast x Revolte 6Pc Silver-Plated Finger Rings,356,https://www.myntra.com/ring/stylecast+x+revolte/stylecast-x-revolte-men-set-of-6-silver-plated-stones-studded-finger-rings/34564535/buy,"https://assets.myntassets.com/dpr_2,q_60,w_210,c_limit,fl_progressive/assets/images/2025/MAY/30/7O5ayrEa_efcac119bf4446c1880a8bb35db97cbf.jpg"
Myntra,Rubans 18K Gold-Plated Finger Ring,650,https://www.myntra.com/ring/rubans/rubans-18k-gold-plated-goddess-lakshmi-temple-design-adjustable-finger-ring/37475426/buy,"https://assets.myntassets.com/dpr_2,q_60,w_210,c_limit,fl_progressive/assets/images/2025/OCTOBER/22/O2mYO8sN_89f23ac1f28444a7bceeda9f6bde5b4f.jpg"
Myntra,Yellow Chimes Unisex Rhodium Plated Ring,209,https://www.myntra.com/ring/yellow+chimes/yellow-chimes-unisex-rhodium-plated-finger-ring/30114643/buy,"https://assets.myntassets.com/dpr_2,q_60,w_210,c_limit,fl_progressive/assets/images/30114643/2024/7/4/234c3939-8585-43b7-858d-948087ebcf331720081133279YellowChimesRhodiumPlatedStainlessSteelFingerRing1.jpg"
Myntra,UNIVERSITY TRENDZ Silver-Plated Couple Ring Set,260,https://www.myntra.com/ring/university+trendz/university-trendz-silver-plated-promise-couple-ring-set/22692808/buy,"https://assets.myntassets.com/dpr_2,q_60,w_210,c_limit,fl_progressive/assets/images/22692808/2023/4/7/261a8b02-9252-432a-8cc2-8b99927efd291680872920256UniversityTrendzSilver-PlatedPromiseCoupleRingSetForHisHer1.jpg"
Myntra,PALMONAS Gold-Plated Finger Ring,603,https://www.myntra.com/ring/palmonas/palmonas-gold-plated-stainless-steel-initial-m-finger-ring/30442635/buy,"https://assets.myntassets.com/dpr_2,q_60,w_210,c_limit,fl_progressive/assets/images/2024/AUGUST/1/vcapRx0C_01976615fd7548f2b44dd3ae956a58d6.jpg"
Myntra,Jewels Galaxy Set Of 23 Silver Plated Ring,239,https://www.myntra.com/ring/jewels+galaxy/jewels-galaxy-set-of-23-silver-plated-stackable-finger-ring/29743728/buy,"https://assets.myntassets.com/dpr_2,q_60,w_210,c_limit,fl_progressive/assets/images/29743728/2024/5/24/9604e4d8-7cf3-48b0-adeb-d4a93e158d781716526356718JewelsGalaxySilverPlatedSetof23StackableRings1.jpg"
Myntra,Zaveri Pearls Set Of 2 Gold-Plated Kundan-Studded & Beaded Meenakari Adjustable Finger Rings,233,https://www.myntra.com/ring/zaveri+pearls/zaveri-pearls-set-of-2-gold-plated-kundan--beaded-meenakari-adjustable-finger-rings/14284946/buy,"https://assets.myntassets.com/dpr_2,q_60,w_210,c_limit,fl_progressive/assets/images/14284946/2021/11/16/70d752d5-bd86-43a7-a98e-d08ea99ef16f1637047835536ZaveriPearlsSetOf2Gold-PlatedKundanBeadedMeenakariAdjustable1.jpg"
Myntra,PALMONAS Women 18K Gold-Plated Finger Ring,784,https://www.myntra.com/ring/palmonas/palmonas-women-18k-gold-plated-finger-ring/20307790/buy,"https://assets.myntassets.com/dpr_2,q_60,w_210,c_limit,fl_progressive/assets/images/20307790/2022/10/7/21df7661-8276-4264-886e-bce59de39f05166512760112218kgoldplatedCROISSANTDOMERINGGiftforwomen1yearwarranty2.jpg"
Myntra,StyleCast x Revolte 5Pc Silver Plated Finger Rings,287,https://www.myntra.com/ring/stylecast+x+revolte/-stylecast-x-revolte-set-of-5-sliver-plated-adjustable-finger-rings/34564540/buy,"https://assets.myntassets.com/dpr_2,q_60,w_210,c_limit,fl_progressive/assets/images/2025/MAY/27/zWRiFVif_7c1d6802b0484f75a035cd1ccec99b7d.jpg"
Myntra,SALTY Stainless Steel Finger Ring,449,https://www.myntra.com/ring/salty/salty-gold-plated-stainless-steel-stone-studded-adjustable-finger-ring/31106664/buy,"https://assets.myntassets.com/dpr_2,q_60,w_210,c_limit,fl_progressive/assets/images/2024/SEPTEMBER/24/NGe8dNYp_9493f436dba64a5ba8aab995219605f4.jpg"
Myntra,PALMONAS Gold-Plated Finger Ring,995,https://www.myntra.com/ring/palmonas/palmonas-gold-plated-croissant-dome-charm-finger-ring/20307782/buy,"https://assets.myntassets.com/dpr_2,q_60,w_210,c_limit,fl_progressive/assets/images/20307782/2022/10/7/a159b61d-2c6f-4617-adc8-150af41e5b89166512671672618kgoldplatedCROISSANTDOMERINGGiftforwomen1yearwarranty2.jpg"
Myntra,PALMONAS Gold-Plated Finger Ring,323,https://www.myntra.com/ring/palmonas/palmonas-gold-plated-stainless-steel-smooth-thin-stacking-finger-ring/30371819/buy,"https://assets.myntassets.com/dpr_2,q_60,w_210,c_limit,fl_progressive/assets/images/2024/JULY/26/FhNTQPiE_592d3ba5b2f042dcae44e9ce2d42733a.jpg"
Myntra,Dynamic Retail Global Women Gold Ring,244,https://www.myntra.com/ring/dynamic+retail+global/dynamic-retail-global-women-gold-ring/35244471/buy,
Myntra,KARISHMA KREATIONS Set Of 2 Silver-Plated Ring,297,https://www.myntra.com/ring/karishma+kreations/karishma-kreations-set-of-2-platinum-finish-cubic-zirconia-silver-plated-ring/27329842/buy,
Myntra,Roadster Men Stainless Steel Band Ring,304,https://www.myntra.com/ring/roadster/the-roadster-lifestyle-co-men-stainless-steel-sleek--polished-band-ring-/32973804/buy,
Myntra,Sangria Set Of 3 Finger Ring,298,https://www.myntra.com/ring/sangria/sangria-set-of-3-silver-plated-textured-oxidized-finger-ring/24816904/buy,
Myntra,Rubans 18K Gold-Plated Finger Ring,699,https://www.myntra.com/ring/rubans/rubans-women-18k-gold-plated-stone-studded-adjustable-finger-ring/37385754/buy,
